iter	Logloss
0	0.6034593201
1	0.549294281
2	0.5093647003
3	0.4812212753
4	0.4592725372
5	0.4455404663
6	0.428910675
7	0.4103765106
8	0.394636116
9	0.3844723892
10	0.3712743378
11	0.3619534302
12	0.3493535995
13	0.3429833221
14	0.3333783722
15	0.325284996
16	0.3227386093
17	0.3163695145
18	0.3073834038
19	0.2949458313
